{
    "TileServerUrl": "",
    "TileServerPort": "",
    "CollectionFormsBuilder": "",
    "TeamCollaborationApplication": "",
    "CatalogGenerator": "",
    "Discover": "",
    "Map3DTerriajs": "",
    "Map2DOpenLayers": "",
    "EdgeTeamCollaborationModule": "",
    "DynamicVectorTiles": "",
    "OGCApiFeature": "",
    "COGEndpoint": "",
    "CachedMapTiles": "",
    "UploadUrl": "",
    "FileList": "",
    "ToPostgisDirect": [
    ],
    "MBTilesDistribution": "",
    "GPKGsDistribution": "",
    "StylesDownload": "",
    "TransactionalAPI": "",
    "TransactionalAPI_Upload": "",
    "PocketBase": ""
}